<?xml version="1.0" encoding="UTF-8"?>
<suppressions xmlns="https://jeremylong.github.io/DependencyCheck/dependency-suppression.1.3.xsd">
   <suppress>
      <notes><![CDATA[
      file name: bcprov-jdk15on-1.46.jar
      ]]></notes>
      <packageUrl regex="true">^pkg:maven/org\.bouncycastle/bcprov-jdk15on@.*$</packageUrl>
      <vulnerabilityName>CVE-2024-34447</vulnerabilityName>
   </suppress>
   <suppress>
   <notes><![CDATA[
   file name: bcprov-jdk15on-1.46.jar
   ]]></notes>
   <packageUrl regex="true">^pkg:maven/org\.bouncycastle/bcprov-jdk15on@.*$</packageUrl>
   <cve>CVE-2016-1000338</cve>
</suppress>
<suppress>
   <notes><![CDATA[
   file name: bcprov-jdk15on-1.46.jar
   ]]></notes>
   <packageUrl regex="true">^pkg:maven/org\.bouncycastle/bcprov-jdk15on@.*$</packageUrl>
   <cve>CVE-2016-1000342</cve>
</suppress>
<suppress>
   <notes><![CDATA[
   file name: bcprov-jdk15on-1.46.jar
   ]]></notes>
   <packageUrl regex="true">^pkg:maven/org\.bouncycastle/bcprov-jdk15on@.*$</packageUrl>
   <cve>CVE-2016-1000343</cve>
</suppress>
<suppress>
   <notes><![CDATA[
   file name: bcprov-jdk15on-1.46.jar
   ]]></notes>
   <packageUrl regex="true">^pkg:maven/org\.bouncycastle/bcprov-jdk15on@.*$</packageUrl>
   <vulnerabilityName>CVE-2024-29857</vulnerabilityName>
</suppress>
<suppress>
   <notes><![CDATA[
   file name: bcprov-jdk15on-1.46.jar
   ]]></notes>
   <packageUrl regex="true">^pkg:maven/org\.bouncycastle/bcprov-jdk15on@.*$</packageUrl>
   <cve>CVE-2016-1000344</cve>
</suppress>
<suppress>
   <notes><![CDATA[
   file name: bcprov-jdk15on-1.46.jar
   ]]></notes>
   <packageUrl regex="true">^pkg:maven/org\.bouncycastle/bcprov-jdk15on@.*$</packageUrl>
   <cve>CVE-2016-1000352</cve>
</suppress>
<suppress>
   <notes><![CDATA[
   file name: bcprov-jdk15on-1.46.jar
   ]]></notes>
   <packageUrl regex="true">^pkg:maven/org\.bouncycastle/bcprov-jdk15on@.*$</packageUrl>
   <vulnerabilityName>CVE-2024-30171</vulnerabilityName>
</suppress>
<suppress>
   <notes><![CDATA[
   file name: bcprov-jdk15on-1.46.jar
   ]]></notes>
   <packageUrl regex="true">^pkg:maven/org\.bouncycastle/bcprov-jdk15on@.*$</packageUrl>
   <cve>CVE-2016-1000341</cve>
</suppress>
<suppress>
   <notes><![CDATA[
   file name: bcprov-jdk15on-1.46.jar
   ]]></notes>
   <packageUrl regex="true">^pkg:maven/org\.bouncycastle/bcprov-jdk15on@.*$</packageUrl>
   <cve>CVE-2016-1000345</cve>
</suppress>
<suppress>
   <notes><![CDATA[
   file name: bcprov-jdk15on-1.46.jar
   ]]></notes>
   <packageUrl regex="true">^pkg:maven/org\.bouncycastle/bcprov-jdk15on@.*$</packageUrl>
   <cve>CVE-2017-13098</cve>
</suppress>
<suppress>
   <notes><![CDATA[
   file name: bcprov-jdk15on-1.46.jar
   ]]></notes>
   <packageUrl regex="true">^pkg:maven/org\.bouncycastle/bcprov-jdk15on@.*$</packageUrl>
   <cve>CVE-2020-15522</cve>
</suppress>
<suppress>
   <notes><![CDATA[
   file name: bcprov-jdk15on-1.46.jar
   ]]></notes>
   <packageUrl regex="true">^pkg:maven/org\.bouncycastle/bcprov-jdk15on@.*$</packageUrl>
   <vulnerabilityName>CVE-2020-0187</vulnerabilityName>
</suppress>
<suppress>
   <notes><![CDATA[
   file name: bcprov-jdk15on-1.46.jar
   ]]></notes>
   <packageUrl regex="true">^pkg:maven/org\.bouncycastle/bcprov-jdk15on@.*$</packageUrl>
   <cve>CVE-2023-33202</cve>
</suppress>
<suppress>
   <notes><![CDATA[
   file name: bcprov-jdk15on-1.46.jar
   ]]></notes>
   <packageUrl regex="true">^pkg:maven/org\.bouncycastle/bcprov-jdk15on@.*$</packageUrl>
   <vulnerabilityName>CVE-2020-26939</vulnerabilityName>
</suppress>
<suppress>
   <notes><![CDATA[
   file name: bcprov-jdk15on-1.46.jar
   ]]></notes>
   <packageUrl regex="true">^pkg:maven/org\.bouncycastle/bcprov-jdk15on@.*$</packageUrl>
   <vulnerabilityName>CVE-2023-33201</vulnerabilityName>
</suppress>
<suppress>
   <notes><![CDATA[
   file name: bcprov-jdk15on-1.46.jar
   ]]></notes>
   <packageUrl regex="true">^pkg:maven/org\.bouncycastle/bcprov-jdk15on@.*$</packageUrl>
   <cve>CVE-2016-1000339</cve>
</suppress>
<suppress>
   <notes><![CDATA[
   file name: bcprov-jdk15on-1.46.jar
   ]]></notes>
   <packageUrl regex="true">^pkg:maven/org\.bouncycastle/bcprov-jdk15on@.*$</packageUrl>
   <cve>CVE-2015-7940</cve>
</suppress>
<suppress>
   <notes><![CDATA[
   file name: bcprov-jdk15on-1.46.jar
   ]]></notes>
   <packageUrl regex="true">^pkg:maven/org\.bouncycastle/bcprov-jdk15on@.*$</packageUrl>
   <cve>CVE-2018-5382</cve>
</suppress>
<suppress>
   <notes><![CDATA[
   file name: bcprov-jdk15on-1.46.jar
   ]]></notes>
   <packageUrl regex="true">^pkg:maven/org\.bouncycastle/bcprov-jdk15on@.*$</packageUrl>
   <cve>CVE-2013-1624</cve>
</suppress>
<suppress>
   <notes><![CDATA[
   file name: bcprov-jdk15on-1.46.jar
   ]]></notes>
   <packageUrl regex="true">^pkg:maven/org\.bouncycastle/bcprov-jdk15on@.*$</packageUrl>
   <cve>CVE-2016-1000346</cve>
</suppress>
<suppress>
   <notes><![CDATA[
   file name: bcprov-jdk15on-1.46.jar
   ]]></notes>
   <packageUrl regex="true">^pkg:maven/org\.bouncycastle/bcprov-jdk15on@.*$</packageUrl>
   <vulnerabilityName>CVE-2015-6644</vulnerabilityName>
</suppress>
<suppress>
   <notes><![CDATA[
   file name: hibernate-validator-6.0.18.Final.jar
   ]]></notes>
   <packageUrl regex="true">^pkg:maven/org\.hibernate\.validator/hibernate-validator@.*$</packageUrl>
   <cve>CVE-2020-10693</cve>
</suppress>
<suppress>
   <notes><![CDATA[
   file name: jackson-databind-2.10.2.jar
   ]]></notes>
   <packageUrl regex="true">^pkg:maven/com\.fasterxml\.jackson\.core/jackson-databind@.*$</packageUrl>
   <cve>CVE-2020-25649</cve>
</suppress>
<suppress>
   <notes><![CDATA[
   file name: jackson-databind-2.10.2.jar
   ]]></notes>
   <packageUrl regex="true">^pkg:maven/com\.fasterxml\.jackson\.core/jackson-databind@.*$</packageUrl>
   <cve>CVE-2020-36518</cve>
</suppress>
<suppress>
   <notes><![CDATA[
   file name: jackson-databind-2.10.2.jar
   ]]></notes>
   <packageUrl regex="true">^pkg:maven/com\.fasterxml\.jackson\.core/jackson-databind@.*$</packageUrl>
   <cve>CVE-2021-46877</cve>
</suppress>
<suppress>
   <notes><![CDATA[
   file name: jackson-databind-2.10.2.jar
   ]]></notes>
   <packageUrl regex="true">^pkg:maven/com\.fasterxml\.jackson\.core/jackson-databind@.*$</packageUrl>
   <cve>CVE-2022-42003</cve>
</suppress>
<suppress>
   <notes><![CDATA[
   file name: jackson-databind-2.10.2.jar
   ]]></notes>
   <packageUrl regex="true">^pkg:maven/com\.fasterxml\.jackson\.core/jackson-databind@.*$</packageUrl>
   <cve>CVE-2022-42004</cve>
</suppress>
<suppress>
   <notes><![CDATA[
   file name: jackson-databind-2.10.2.jar
   ]]></notes>
   <packageUrl regex="true">^pkg:maven/com\.fasterxml\.jackson\.core/jackson-databind@.*$</packageUrl>
   <cve>CVE-2023-35116</cve>
</suppress>
<suppress>
   <notes><![CDATA[
   file name: log4j-api-2.12.1.jar
   ]]></notes>
   <packageUrl regex="true">^pkg:maven/org\.apache\.logging\.log4j/log4j-api@.*$</packageUrl>
   <cve>CVE-2020-9488</cve>
</suppress>
<suppress>
   <notes><![CDATA[
   file name: logback-core-1.2.3.jar
   ]]></notes>
   <packageUrl regex="true">^pkg:maven/ch\.qos\.logback/logback-core@.*$</packageUrl>
   <cve>CVE-2023-6378</cve>
</suppress>
<suppress>
   <notes><![CDATA[
   file name: logback-core-1.2.3.jar
   ]]></notes>
   <packageUrl regex="true">^pkg:maven/ch\.qos\.logback/logback-core@.*$</packageUrl>
   <cve>CVE-2021-42550</cve>
</suppress>
<suppress>
   <notes><![CDATA[
   file name: snakeyaml-1.25.jar
   ]]></notes>
   <packageUrl regex="true">^pkg:maven/org\.yaml/snakeyaml@.*$</packageUrl>
   <cve>CVE-2022-1471</cve>
</suppress>
<suppress>
   <notes><![CDATA[
   file name: snakeyaml-1.25.jar
   ]]></notes>
   <packageUrl regex="true">^pkg:maven/org\.yaml/snakeyaml@.*$</packageUrl>
   <cve>CVE-2017-18640</cve>
</suppress>
<suppress>
   <notes><![CDATA[
   file name: snakeyaml-1.25.jar
   ]]></notes>
   <packageUrl regex="true">^pkg:maven/org\.yaml/snakeyaml@.*$</packageUrl>
   <cve>CVE-2022-38749</cve>
</suppress>
<suppress>
   <notes><![CDATA[
   file name: snakeyaml-1.25.jar
   ]]></notes>
   <packageUrl regex="true">^pkg:maven/org\.yaml/snakeyaml@.*$</packageUrl>
   <cve>CVE-2022-38751</cve>
</suppress>
<suppress>
   <notes><![CDATA[
   file name: snakeyaml-1.25.jar
   ]]></notes>
   <packageUrl regex="true">^pkg:maven/org\.yaml/snakeyaml@.*$</packageUrl>
   <cve>CVE-2022-38752</cve>
</suppress>
<suppress>
   <notes><![CDATA[
   file name: snakeyaml-1.25.jar
   ]]></notes>
   <packageUrl regex="true">^pkg:maven/org\.yaml/snakeyaml@.*$</packageUrl>
   <cve>CVE-2022-41854</cve>
</suppress>
<suppress>
   <notes><![CDATA[
   file name: snakeyaml-1.25.jar
   ]]></notes>
   <packageUrl regex="true">^pkg:maven/org\.yaml/snakeyaml@.*$</packageUrl>
   <cve>CVE-2022-38750</cve>
</suppress>
<suppress>
   <notes><![CDATA[
   file name: spring-core-5.2.3.RELEASE.jar
   ]]></notes>
   <packageUrl regex="true">^pkg:maven/org\.springframework/spring-core@.*$</packageUrl>
   <cve>CVE-2020-5421</cve>
</suppress>
<suppress>
   <notes><![CDATA[
   file name: spring-core-5.2.3.RELEASE.jar
   ]]></notes>
   <packageUrl regex="true">^pkg:maven/org\.springframework/spring-core@.*$</packageUrl>
   <cve>CVE-2022-22970</cve>
</suppress>
<suppress>
   <notes><![CDATA[
   file name: spring-web-5.2.3.RELEASE.jar
   ]]></notes>
   <packageUrl regex="true">^pkg:maven/org\.springframework/spring-web@.*$</packageUrl>
   <cve>CVE-2020-5421</cve>
</suppress>
<suppress>
   <notes><![CDATA[
   file name: tomcat-embed-websocket-9.0.30.jar
   ]]></notes>
   <packageUrl regex="true">^pkg:maven/org\.apache\.tomcat\.embed/tomcat-embed-websocket@.*$</packageUrl>
   <cve>CVE-2021-43980</cve>
</suppress>
<suppress>
   <notes><![CDATA[
   file name: json-path-2.4.0.jar
   ]]></notes>
   <packageUrl regex="true">^pkg:maven/com\.jayway\.jsonpath/json-path@.*$</packageUrl>
   <cpe>cpe:/a:json-path:jayway_jsonpath</cpe>
</suppress>
<suppress>
   <notes><![CDATA[
   file name: json-path-2.4.0.jar
   ]]></notes>
   <packageUrl regex="true">^pkg:maven/com\.jayway\.jsonpath/json-path@.*$</packageUrl>
   <vulnerabilityName>CVE-2023-51074</vulnerabilityName>
</suppress>
<suppress>
   <notes><![CDATA[
   file name: json-smart-2.3.jar
   ]]></notes>
   <packageUrl regex="true">^pkg:maven/net\.minidev/json-smart@.*$</packageUrl>
   <cpe>cpe:/a:json-smart_project:json-smart</cpe>
</suppress>
<suppress>
   <notes><![CDATA[
   file name: logback-classic-1.2.3.jar
   ]]></notes>
   <packageUrl regex="true">^pkg:maven/ch\.qos\.logback/logback-classic@.*$</packageUrl>
   <cpe>cpe:/a:qos:logback</cpe>
</suppress>
<suppress>
   <notes><![CDATA[
   file name: snakeyaml-1.25.jar
   ]]></notes>
   <packageUrl regex="true">^pkg:maven/org\.yaml/snakeyaml@.*$</packageUrl>
   <cpe>cpe:/a:snakeyaml_project:snakeyaml</cpe>
</suppress>
<suppress>
   <notes><![CDATA[
   file name: spring-boot-2.2.4.RELEASE.jar
   ]]></notes>
   <packageUrl regex="true">^pkg:maven/org\.springframework\.boot/spring-boot@.*$</packageUrl>
   <cpe>cpe:/a:vmware:spring_boot</cpe>
</suppress>
<suppress>
   <notes><![CDATA[
   file name: spring-boot-starter-web-2.2.4.RELEASE.jar
   ]]></notes>
   <packageUrl regex="true">^pkg:maven/org\.springframework\.boot/spring-boot-starter-web@.*$</packageUrl>
   <cpe>cpe:/a:vmware:spring_boot</cpe>
</suppress>
<suppress>
   <notes><![CDATA[
   file name: spring-boot-starter-web-2.2.4.RELEASE.jar
   ]]></notes>
   <packageUrl regex="true">^pkg:maven/org\.springframework\.boot/spring-boot-starter-web@.*$</packageUrl>
   <cpe>cpe:/a:web_project:web</cpe>
</suppress>
<suppress>
   <notes><![CDATA[
   file name: spring-core-5.2.3.RELEASE.jar
   ]]></notes>
   <packageUrl regex="true">^pkg:maven/org\.springframework/spring-core@.*$</packageUrl>
   <cpe>cpe:/a:pivotal_software:spring_framework</cpe>
</suppress>
<suppress>
   <notes><![CDATA[
   file name: spring-core-5.2.3.RELEASE.jar
   ]]></notes>
   <packageUrl regex="true">^pkg:maven/org\.springframework/spring-core@.*$</packageUrl>
   <cpe>cpe:/a:springsource:spring_framework</cpe>
</suppress>
<suppress>
   <notes><![CDATA[
   file name: spring-core-5.2.3.RELEASE.jar
   ]]></notes>
   <packageUrl regex="true">^pkg:maven/org\.springframework/spring-core@.*$</packageUrl>
   <cpe>cpe:/a:vmware:spring_framework</cpe>
</suppress>
<suppress>
   <notes><![CDATA[
   file name: spring-data-rest-webmvc-3.2.4.RELEASE.jar
   ]]></notes>
   <packageUrl regex="true">^pkg:maven/org\.springframework\.data/spring-data-rest-webmvc@.*$</packageUrl>
   <cpe>cpe:/a:pivotal_software:spring_data_rest</cpe>
</suppress>
<suppress>
   <notes><![CDATA[
   file name: spring-data-rest-webmvc-3.2.4.RELEASE.jar
   ]]></notes>
   <packageUrl regex="true">^pkg:maven/org\.springframework\.data/spring-data-rest-webmvc@.*$</packageUrl>
   <cpe>cpe:/a:vmware:spring_data_rest</cpe>
</suppress>
<suppress>
   <notes><![CDATA[
   file name: spring-expression-5.2.3.RELEASE.jar
   ]]></notes>
   <packageUrl regex="true">^pkg:maven/org\.springframework/spring-expression@.*$</packageUrl>
   <cpe>cpe:/a:pivotal_software:spring_framework</cpe>
</suppress>
<suppress>
   <notes><![CDATA[
   file name: spring-expression-5.2.3.RELEASE.jar
   ]]></notes>
   <packageUrl regex="true">^pkg:maven/org\.springframework/spring-expression@.*$</packageUrl>
   <cpe>cpe:/a:springsource:spring_framework</cpe>
</suppress>
<suppress>
   <notes><![CDATA[
   file name: spring-expression-5.2.3.RELEASE.jar
   ]]></notes>
   <packageUrl regex="true">^pkg:maven/org\.springframework/spring-expression@.*$</packageUrl>
   <cpe>cpe:/a:vmware:spring_framework</cpe>
</suppress>
<suppress>
   <notes><![CDATA[
   file name: spring-hateoas-1.0.3.RELEASE.jar
   ]]></notes>
   <packageUrl regex="true">^pkg:maven/org\.springframework\.hateoas/spring-hateoas@.*$</packageUrl>
   <cpe>cpe:/a:vmware:spring_hateoas</cpe>
</suppress>
<suppress>
   <notes><![CDATA[
   file name: spring-tx-5.2.3.RELEASE.jar
   ]]></notes>
   <packageUrl regex="true">^pkg:maven/org\.springframework/spring-tx@.*$</packageUrl>
   <cpe>cpe:/a:pivotal_software:spring_framework</cpe>
</suppress>
<suppress>
   <notes><![CDATA[
   file name: spring-tx-5.2.3.RELEASE.jar
   ]]></notes>
   <packageUrl regex="true">^pkg:maven/org\.springframework/spring-tx@.*$</packageUrl>
   <cpe>cpe:/a:springsource:spring_framework</cpe>
</suppress>
<suppress>
   <notes><![CDATA[
   file name: spring-tx-5.2.3.RELEASE.jar
   ]]></notes>
   <packageUrl regex="true">^pkg:maven/org\.springframework/spring-tx@.*$</packageUrl>
   <cpe>cpe:/a:vmware:spring_framework</cpe>
</suppress>
<suppress>
   <notes><![CDATA[
   file name: spring-web-5.2.3.RELEASE.jar
   ]]></notes>
   <packageUrl regex="true">^pkg:maven/org\.springframework/spring-web@.*$</packageUrl>
   <cpe>cpe:/a:pivotal_software:spring_framework</cpe>
</suppress>
<suppress>
   <notes><![CDATA[
   file name: spring-web-5.2.3.RELEASE.jar
   ]]></notes>
   <packageUrl regex="true">^pkg:maven/org\.springframework/spring-web@.*$</packageUrl>
   <cpe>cpe:/a:springsource:spring_framework</cpe>
</suppress>
<suppress>
   <notes><![CDATA[
   file name: spring-web-5.2.3.RELEASE.jar
   ]]></notes>
   <packageUrl regex="true">^pkg:maven/org\.springframework/spring-web@.*$</packageUrl>
   <cpe>cpe:/a:springsource:spring_framework</cpe>
</suppress>
<suppress>
   <notes><![CDATA[
   file name: spring-web-5.2.3.RELEASE.jar
   ]]></notes>
   <packageUrl regex="true">^pkg:maven/org\.springframework/spring-web@.*$</packageUrl>
   <cpe>cpe:/a:vmware:spring_framework</cpe>
</suppress>
<suppress>
   <notes><![CDATA[
   file name: spring-web-5.2.3.RELEASE.jar
   ]]></notes>
   <packageUrl regex="true">^pkg:maven/org\.springframework/spring-web@.*$</packageUrl>
   <cpe>cpe:/a:web_project:web</cpe>
</suppress>
<suppress>
   <notes><![CDATA[
   file name: spring-webmvc-5.2.3.RELEASE.jar
   ]]></notes>
   <packageUrl regex="true">^pkg:maven/org\.springframework/spring-webmvc@.*$</packageUrl>
   <cpe>cpe:/a:pivotal_software:spring_framework</cpe>
</suppress>
<suppress>
   <notes><![CDATA[
   file name: spring-webmvc-5.2.3.RELEASE.jar
   ]]></notes>
   <packageUrl regex="true">^pkg:maven/org\.springframework/spring-webmvc@.*$</packageUrl>
   <cpe>cpe:/a:springsource:spring_framework</cpe>
</suppress><suppress>
   <notes><![CDATA[
   file name: spring-webmvc-5.2.3.RELEASE.jar
   ]]></notes>
   <packageUrl regex="true">^pkg:maven/org\.springframework/spring-webmvc@.*$</packageUrl>
   <cpe>cpe:/a:vmware:spring_framework</cpe>
</suppress>
<suppress>
   <notes><![CDATA[
   file name: spring-webmvc-5.2.3.RELEASE.jar
   ]]></notes>
   <packageUrl regex="true">^pkg:maven/org\.springframework/spring-webmvc@.*$</packageUrl>
   <cpe>cpe:/a:web_project:web</cpe>
</suppress>
<suppress>
   <notes><![CDATA[
   file name: tomcat-embed-core-9.0.30.jar
   ]]></notes>
   <packageUrl regex="true">^pkg:maven/org\.apache\.tomcat\.embed/tomcat-embed-core@.*$</packageUrl>
   <cpe>cpe:/a:apache:tomcat</cpe>
</suppress>
<suppress>
   <notes><![CDATA[
   file name: tomcat-embed-core-9.0.30.jar
   ]]></notes>
   <packageUrl regex="true">^pkg:maven/org\.apache\.tomcat\.embed/tomcat-embed-core@.*$</packageUrl>
   <cpe>cpe:/a:apache_tomcat:apache_tomcat</cpe>
</suppress>
<suppress>
   <notes><![CDATA[
   file name: tomcat-embed-websocket-9.0.30.jar
   ]]></notes>
   <packageUrl regex="true">^pkg:maven/org\.apache\.tomcat\.embed/tomcat-embed-websocket@.*$</packageUrl>
   <cpe>cpe:/a:apache:tomcat</cpe>
</suppress>
<suppress>
   <notes><![CDATA[
   file name: tomcat-embed-websocket-9.0.30.jar
   ]]></notes>
   <packageUrl regex="true">^pkg:maven/org\.apache\.tomcat\.embed/tomcat-embed-websocket@.*$</packageUrl>
   <cpe>cpe:/a:apache_tomcat:apache_tomcat</cpe>
</suppress>
</suppressions>

